BMC (1).txt	bmc.txt	ecology.txt	embo.txt	gbc.txt	gca.txt	jenvironqual.txt	ophth.txt	pnas.txt	science.txt	
represent	0	0	0	1	1	0	2	0	0	0	
customary	0	0	0	0	0	0	1	0	0	0	
consider	4	4	0	1	1	1	0	0	1	0	
whoever	0	0	0	0	0	1	0	0	0	0	
reviewers	22	22	1	1	1	2	8	0	4	4	
results	4	4	2	0	3	4	7	2	0	1	
existing	1	1	0	0	1	0	6	0	0	0	
executing	0	0	0	0	0	0	1	0	0	0	
thoughtful	0	0	0	0	0	0	0	1	0	0	
selection	0	0	0	0	0	0	0	0	0	1	
deadline	1	1	0	0	1	0	2	0	0	0	
overlap	0	0	1	0	0	0	0	0	0	0	
grateful	0	0	1	0	0	0	0	1	0	0	
fairness	0	0	1	0	0	0	0	0	0	0	
consists	0	0	0	0	0	0	1	0	0	0	
commentaries	0	0	0	0	0	0	0	0	0	1	
contributions	0	0	1	0	0	0	0	0	0	0	
reasoning	0	0	0	0	1	0	0	0	0	0	
discern	0	0	1	0	0	0	0	0	0	0	
pnasnasedu	0	0	0	0	0	0	0	0	1	0	
careful	0	0	1	0	0	0	0	0	0	0	
summarises	0	0	0	1	0	0	0	0	0	0	
fertilizer	0	0	0	0	0	0	1	0	0	0	
description	0	0	0	0	0	0	1	0	0	0	
technique	0	0	1	0	0	0	0	0	0	0	
editors	6	6	0	1	0	4	5	0	3	0	
originality	1	1	1	0	0	3	3	0	2	0	
violation	0	0	0	0	0	1	0	0	0	0	
promoting	0	0	0	0	0	0	0	0	1	0	
solicit	0	0	1	0	0	0	0	0	0	0	
include	0	0	1	2	0	0	2	2	4	4	
presentation	1	1	3	2	2	1	0	0	1	3	
indicating	1	1	0	0	0	0	0	0	0	0	
updated	0	0	0	0	0	0	1	0	0	0	
performs	0	0	0	0	0	0	1	0	0	0	
confidential	1	1	2	0	0	4	4	0	1	0	
returning	0	0	0	0	0	0	1	0	0	1	
replication	0	0	0	0	0	0	3	0	1	0	
putting	0	0	1	0	0	0	0	0	0	0	
anonymous	0	0	4	0	0	0	2	0	0	0	
difference	0	0	0	0	0	1	0	0	0	0	
expectations	0	0	0	0	0	1	0	0	0	0	
encounter	1	1	0	0	0	0	0	0	0	0	
identity	0	0	3	0	0	3	0	0	0	1	
balance	0	0	0	0	0	0	0	0	0	1	
perceived	0	0	0	0	0	0	0	0	0	1	
beginning	0	0	0	0	0	0	1	0	0	0	
respectful	0	0	2	0	0	0	2	0	0	0	
presented	1	1	0	1	2	0	3	1	0	2	
supports	1	1	0	0	0	0	0	0	0	0	
applicable	1	1	0	1	0	0	0	0	0	0	
standards	6	6	0	0	0	1	3	0	2	0	
resubmission	0	0	1	0	0	0	0	0	0	0	
excellence	0	0	0	0	0	0	1	0	0	1	
independence	0	0	0	0	0	0	2	0	0	0	
guiding	0	0	0	0	0	0	1	0	0	0	
enhance	1	1	0	1	0	0	3	0	0	0	
application	0	0	0	0	0	0	2	0	0	0	
abbreviated	0	0	1	0	0	0	0	0	0	0	
unexpected	0	0	0	0	0	0	0	1	0	0	
evaluating	0	0	0	1	0	0	0	0	0	0	
changeschange	0	0	1	0	0	0	0	0	0	0	
concise	0	0	1	0	0	0	1	0	1	0	
construed	0	0	1	0	0	0	0	0	0	0	
dealing	0	0	0	0	0	0	1	0	0	0	
consistent	0	0	0	0	0	1	0	0	0	0	
guidelines	0	0	2	0	0	1	7	0	1	0	
replicates	0	0	1	0	0	0	0	0	0	0	
highimpact	0	0	0	0	0	0	1	0	0	0	
carefully	0	0	2	0	0	0	1	0	1	0	
perspective	0	0	0	0	0	0	0	0	0	2	
further	3	3	1	1	1	0	0	0	0	1	
repetition	0	0	0	0	0	0	1	0	0	0	
acrimonious	0	0	0	0	0	0	1	0	0	0	
established	0	0	0	0	0	0	1	0	0	0	
illogical	1	1	0	0	0	0	0	0	0	0	
organisms	0	0	0	0	0	0	1	0	0	0	
decisions	0	0	0	0	0	0	1	0	0	0	
section	0	0	1	1	0	2	0	2	0	0	
selected	0	0	0	0	0	0	0	0	0	1	
practices	0	0	0	0	0	1	0	0	0	0	
current	0	0	2	1	0	0	1	0	0	1	
consistently	0	0	1	0	0	0	0	0	0	0	
version	1	1	1	2	0	0	0	0	0	0	
concisely	0	0	0	0	2	0	0	0	0	0	
referees	0	0	0	6	0	0	0	0	0	0	
international	0	0	1	0	0	0	0	0	0	0	
selfexplanatory	0	0	0	0	1	0	1	0	0	0	
commensurate	0	0	0	1	0	0	0	0	0	0	
equivalent	0	0	0	0	0	0	1	0	0	0	
satisfy	0	0	0	0	0	0	1	0	0	0	
supporting	2	2	0	0	0	0	0	0	0	1	
condensed	0	0	1	0	0	0	0	0	0	0	
justification	1	1	0	0	0	0	2	0	0	0	
editorial	7	7	0	1	0	3	3	0	1	0	
marketing	0	0	0	0	0	0	0	1	0	0	
republished	0	0	0	0	0	0	1	0	0	0	
jointly	0	0	0	0	0	0	1	0	0	0	
understanding	0	0	0	0	0	0	17	0	0	1	
reported	1	1	2	0	0	0	1	0	0	0	
consult	0	0	1	0	0	0	0	0	0	0	
address	1	1	1	0	0	0	0	0	0	0	
consideration	0	0	0	1	0	0	0	0	0	0	
placeholder	0	0	0	1	0	0	0	0	0	0	
interpret	0	0	0	0	0	0	0	1	0	0	
clarification	0	0	0	0	1	0	0	0	0	0	
obtained	0	0	0	0	0	1	1	0	0	0	
sending	0	0	1	0	0	0	0	0	0	0	
substance	0	0	1	0	0	0	0	0	0	0	
communicational	0	0	0	0	0	0	1	0	0	0	
canadian	0	0	0	0	0	1	0	0	0	0	
identifiable	1	1	0	0	0	0	0	0	0	0	
involved	0	0	0	1	0	1	0	0	0	0	
introductory	0	0	0	0	1	0	0	0	0	0	
wherever	1	1	0	0	0	0	0	0	0	0	
typically	0	0	0	0	0	0	0	0	0	1	
reports	0	0	0	1	1	1	1	0	0	0	
subjectmatter	0	0	1	0	0	0	0	0	0	0	
through	0	0	0	0	0	1	2	0	0	0	
published	6	6	1	2	1	0	7	0	2	3	
usually	1	1	0	0	0	0	2	0	0	0	
opinion	0	0	2	0	0	1	2	0	1	0	
suitable	0	0	0	0	0	1	2	0	0	0	
changes	0	0	1	0	1	0	0	0	0	0	
options	0	0	0	0	4	0	0	0	0	0	
validate	0	0	0	0	0	0	1	0	0	0	
examining	0	0	1	0	0	0	0	0	0	0	
syntheses	0	0	0	0	0	0	0	0	0	1	
foresee	1	1	0	0	0	0	0	0	0	0	
confidentiality	1	1	1	0	0	3	0	0	0	2	
criticism	0	0	0	0	0	0	4	0	1	0	
250word	0	0	0	0	0	0	1	0	0	0	
explained	0	0	0	0	0	1	1	0	0	0	
logical	0	0	0	0	0	2	0	0	0	0	
outcomes	0	0	0	0	0	0	0	1	0	0	
brought	0	0	0	0	0	0	0	0	0	1	
addressed	1	1	0	0	0	0	2	0	0	0	
logically	0	0	0	0	2	0	0	0	0	0	
insects	0	0	0	0	0	0	1	0	0	0	
forefront	0	0	0	0	1	0	0	0	0	0	
societyies	0	0	0	0	0	0	2	0	0	0	
analyses	1	1	1	0	0	0	1	0	0	0	
readily	0	0	2	0	0	0	1	0	0	0	
environment	0	0	0	0	0	0	1	0	0	0	
indicated	0	0	0	0	0	1	1	0	0	1	
working	0	0	0	0	0	0	1	0	0	0	
affiliations	0	0	0	0	0	0	0	0	0	1	
positive	1	1	1	2	0	0	0	0	0	0	
objectives	0	0	0	0	0	0	1	0	0	0	
contains	1	1	0	0	0	0	0	0	0	0	
readable	0	0	0	0	0	0	2	0	0	0	
negative	1	1	1	1	0	0	0	0	0	0	
tightly	0	0	1	0	0	0	0	0	0	0	
guideline	0	0	0	1	0	0	0	0	0	0	
calculation	0	0	1	0	0	0	0	0	0	0	
competitor	0	0	0	0	0	0	1	0	0	0	
therefore	1	1	0	0	0	1	1	0	0	0	
recommend	2	2	0	0	0	0	0	0	0	1	
themselves	1	1	0	0	0	0	0	0	0	0	
fraudster	0	0	0	0	0	1	0	0	0	0	
reviewtrack	0	0	1	0	0	0	0	0	0	0	
formally	1	1	0	0	0	0	0	0	0	0	
clicking	0	0	0	0	2	0	0	0	0	0	
suggestions	0	0	0	0	0	1	3	0	0	0	
acceptable	0	0	0	1	0	0	7	0	0	0	
originalraw	1	1	0	0	0	0	0	0	0	0	
claiming	0	0	0	0	0	0	0	1	0	0	
particular	1	1	0	1	0	0	0	0	0	1	
worthwhile	0	0	0	0	0	0	3	0	0	0	
unnumbered	0	0	0	0	0	0	1	0	0	0	
potential	0	0	0	0	1	0	2	0	1	0	
circumstances	0	0	0	0	0	1	2	0	0	0	
majority	0	0	0	0	0	0	0	1	0	0	
account	0	0	0	0	0	0	2	0	0	0	
plagiarism	1	1	0	0	0	1	0	0	0	0	
portability	1	1	0	0	0	0	0	0	0	0	
science	0	0	1	0	1	1	4	0	0	8	
theories	0	0	0	0	0	1	1	0	0	0	
reviews	2	2	1	0	0	1	1	1	0	1	
labeled	0	0	1	0	0	0	0	0	0	0	
paragraph	0	0	0	1	0	0	1	0	0	0	
publications	0	0	1	0	0	0	2	0	1	0	
concepts	0	0	0	0	0	0	7	0	0	1	
following	1	1	2	3	0	0	6	0	4	1	
presenting	0	0	0	0	0	0	1	0	0	0	
example	1	1	0	1	0	1	1	0	0	0	
reviewing	1	1	1	0	0	0	5	0	0	1	
photographs	0	0	0	1	0	0	1	0	0	0	
impacts	0	0	0	0	1	0	1	0	0	0	
process	1	1	1	0	0	1	16	0	0	0	
monitoring	0	0	0	0	0	0	1	0	0	0	
organized	1	1	0	0	1	0	0	0	0	0	
purposes	1	1	0	0	0	0	0	0	0	0	
tabular	1	1	0	0	0	0	0	0	0	0	
unbiased	1	1	0	0	0	0	2	0	1	0	
assumptions	0	0	0	0	1	0	0	0	0	0	
something	1	1	0	0	0	1	0	0	0	0	
council	0	0	0	0	0	0	0	0	1	0	
validated	0	0	0	0	0	0	0	0	1	0	
advancing	0	0	0	0	0	0	1	0	0	0	
absolute	0	0	0	0	0	0	0	0	0	1	
terrestrial	0	0	0	0	0	0	1	0	0	0	
information	2	2	2	2	1	5	5	1	0	1	
comfortable	0	0	0	0	0	1	0	0	0	0	
advantage	0	0	0	0	0	1	1	0	0	0	
wellwritten	0	0	0	0	1	0	0	0	0	0	
provide	4	4	2	1	0	1	7	1	2	2	
protect	0	0	0	0	0	1	0	0	1	1	
discussion	1	1	0	0	1	0	2	1	0	1	
feature	0	0	0	0	1	0	0	0	0	0	
notifying	0	0	0	0	0	0	0	0	0	1	
responsibilities	0	0	0	0	0	0	1	0	5	0	
chemical	0	0	0	0	0	0	1	0	0	0	
methodology	0	0	0	0	2	0	1	0	0	0	
liesegang	0	0	0	0	0	0	0	1	0	0	
criterion	0	0	0	0	0	0	1	0	0	0	
attachment	0	0	1	0	0	0	0	0	0	0	
speeding	1	1	0	0	0	0	0	0	0	0	
profile	0	0	0	0	2	0	0	0	0	0	
preferably	0	0	0	0	0	0	1	0	0	0	
agricultural	0	0	0	0	0	0	1	0	0	0	
intended	0	0	1	0	0	0	0	0	0	0	
profilepassword	0	0	0	0	1	0	0	0	0	0	
impartial	0	0	0	1	0	0	0	0	0	0	
weaknesses	1	1	1	1	0	0	0	0	0	0	
reflect	0	0	1	0	0	1	1	0	0	0	
applications	0	0	2	0	0	0	1	0	0	0	
membership	0	0	1	0	0	0	0	0	0	0	
designed	0	0	0	0	0	0	0	0	1	0	
destined	0	0	1	0	0	0	0	0	0	0	
bioinformatics	9	9	0	0	0	0	0	0	0	0	
improving	1	1	0	0	0	0	0	1	0	0	
requirements	0	0	0	0	0	0	3	0	0	0	
summarize	0	0	1	0	1	1	0	0	0	0	
journals	1	1	2	0	0	4	6	0	0	1	
compulsory	2	2	0	0	0	0	0	0	0	0	
shortcomings	0	0	0	1	0	0	0	0	0	0	
criticize	0	0	1	0	0	0	0	0	0	0	
attempt	0	0	0	0	0	1	0	0	0	0	
remember	0	0	1	0	0	0	2	0	0	0	
effective	0	0	0	0	0	0	0	1	0	0	
computations	0	0	0	0	0	0	1	0	0	0	
anthropogenic	0	0	0	0	0	0	1	0	0	0	
appreciate	0	0	0	0	0	0	1	0	0	0	
headquarters	0	0	0	0	0	0	0	0	0	1	
grammatically	0	0	0	0	0	0	1	0	0	0	
maintain	0	0	0	1	0	0	2	0	1	0	
responsibility	0	0	0	0	0	0	6	0	0	0	
encyclopedic	0	0	0	0	0	0	0	1	0	0	
toolsoptionsuser	0	0	1	0	0	0	0	0	0	0	
geographic	0	0	0	0	0	0	2	0	0	0	
retrieval	0	0	0	0	0	0	1	0	0	0	
impartially	0	0	0	0	0	0	0	0	0	1	
integrated	0	0	0	0	0	0	0	0	0	1	
reproduced	0	0	0	1	0	0	2	0	0	0	
executed	0	0	0	0	0	0	0	0	1	0	
interpretation	2	2	1	0	0	1	0	0	0	0	
feedback	1	1	0	0	0	0	0	0	1	0	
errorsthe	0	0	0	0	0	1	0	0	0	0	
consent	1	1	0	0	0	1	0	0	0	0	
insuring	0	0	1	0	0	0	0	0	0	0	
mission	0	0	0	0	0	0	0	0	0	2	
interpreted	0	0	0	0	0	0	1	0	0	0	
unacceptably	1	1	0	0	0	0	0	0	0	0	
attitude	0	0	0	1	0	0	2	0	0	0	
experiments	2	2	0	2	0	0	1	0	0	0	
unreviewed	0	0	1	0	0	0	0	0	0	0	
statistical	3	3	2	0	0	1	1	0	0	0	
referencing	0	0	0	0	2	0	0	0	0	0	
mentioned	0	0	0	0	0	1	0	0	0	0	
misconduct	1	1	0	0	0	0	0	0	0	0	
facilitates	0	0	0	1	0	0	0	0	0	0	
technically	0	0	0	0	0	0	1	0	0	0	
sciences	0	0	0	0	0	0	1	0	0	0	
remainder	0	0	0	0	0	0	1	0	0	0	
adverse	0	0	0	0	0	0	0	1	0	0	
personal	0	0	0	0	0	1	2	0	2	0	
unethical	1	1	0	0	0	0	0	0	0	0	
148505427	0	0	1	0	0	0	0	0	0	0	
writing	2	2	3	2	3	0	1	0	1	0	
disclosed	0	0	0	0	0	1	0	0	0	0	
2023266550	0	0	0	0	0	0	0	0	0	1	
covered	0	0	0	0	0	1	0	0	0	0	
arguments	1	1	0	0	0	0	0	0	0	0	
colleague	0	0	1	0	0	1	0	0	0	1	
eventually	0	0	0	1	0	0	0	0	0	0	
someone	0	0	1	0	0	0	0	1	0	0	
affected	0	0	1	0	0	0	2	0	0	0	
thereby	1	1	0	0	0	0	0	0	0	0	
affiliation	0	0	0	0	0	0	2	0	0	0	
washington	0	0	0	0	0	0	0	0	0	1	
material	0	0	1	1	0	0	0	4	0	1	
impossible	0	0	0	0	0	0	1	0	0	0	
processes	0	0	0	0	0	0	4	0	0	0	
investigated	0	0	0	0	0	1	0	0	0	0	
invitation	0	0	0	0	0	0	1	0	0	0	
scaling	0	0	0	0	1	0	0	0	0	0	
qualified	0	0	2	0	0	0	1	0	0	0	
intellectual	0	0	0	0	0	0	1	0	0	0	
critically	0	0	0	0	0	0	1	0	0	0	
discuss	1	1	2	0	0	2	1	0	0	1	
association	0	0	0	0	0	0	0	0	0	1	
instructions	0	0	0	0	2	0	5	0	0	1	
articles	2	2	2	0	0	0	3	0	1	5	
execute	0	0	0	0	0	0	3	0	0	0	
grammar	0	0	0	1	0	0	3	0	0	0	
smoothly	0	0	0	0	0	0	1	0	0	0	
preclude	1	1	0	0	0	0	0	0	0	0	
identified	0	0	1	0	0	1	0	0	0	0	
composition	0	0	0	0	0	0	0	0	1	0	
sufficiently	0	0	0	1	0	1	2	0	0	0	
reasonable	0	0	0	0	0	1	0	0	0	0	
accompanied	0	0	0	0	0	0	0	0	0	1	
obligated	0	0	0	0	0	0	1	0	0	0	
referred	0	0	0	0	0	1	0	0	0	0	
signing	0	0	1	0	0	0	0	0	0	0	
financial	0	0	0	0	0	0	2	0	1	1	
significantly	0	0	1	0	0	0	0	0	0	1	
challenged	0	0	0	0	0	1	0	0	0	0	
revised	2	2	0	1	0	0	1	1	0	0	
principles	0	0	0	0	0	0	3	0	0	0	
related	1	1	0	0	0	0	7	0	0	1	
conventions	0	0	0	0	0	0	0	0	0	1	
breakthrough	0	0	0	0	0	0	0	0	0	1	
society	0	0	1	0	0	0	0	0	0	0	
literature	0	0	0	2	0	1	2	1	0	0	
depositing	0	0	0	1	0	0	0	0	0	0	
entering	0	0	0	1	0	0	0	0	0	0	
methodological	0	0	0	1	0	0	0	0	0	0	
summary	0	0	0	0	0	0	1	0	0	0	
adequately	1	1	0	1	1	1	1	0	0	0	
special	1	1	0	0	0	0	0	0	0	0	
revisions	8	8	0	0	1	0	3	0	0	0	
category	0	0	0	0	0	0	2	0	0	0	
unoriginal	1	1	0	0	0	0	0	0	0	0	
annotating	0	0	2	0	0	0	0	0	0	0	
factors	0	0	0	0	0	0	3	0	0	0	
dismissal	0	0	0	0	0	0	2	0	0	0	
communicating	0	0	0	0	0	1	0	0	0	0	
publish	0	0	0	0	0	0	1	0	0	1	
research	5	5	2	0	0	13	8	0	2	7	
content	0	0	2	0	1	4	4	1	0	0	
investigation	1	1	0	0	0	0	2	0	0	0	
navigating	0	0	0	0	1	0	0	0	0	0	
suggesting	1	1	0	0	0	0	0	0	0	0	
overlook	0	0	0	0	0	1	0	0	0	0	
objectivity	0	0	2	0	0	0	0	0	0	0	
evaluation	0	0	1	4	0	0	0	0	0	2	
correct	0	0	3	0	0	2	0	1	0	0	
disagreements	0	0	0	0	0	0	1	0	0	0	
peerreviewed	0	0	0	0	0	0	1	0	0	0	
disclose	0	0	0	0	0	1	2	0	0	1	
writingpasting	0	0	0	1	0	0	0	0	0	0	
earlier	0	0	0	2	0	1	0	0	0	0	
experiment	0	0	0	0	0	1	4	0	0	0	
associate	0	0	0	0	0	0	3	0	0	0	
recommendations	0	0	0	0	0	0	3	0	0	1	
possibility	0	0	0	0	0	0	1	0	1	0	
standard	2	2	2	0	0	0	1	0	0	0	
difficulty	0	0	1	0	0	0	0	0	0	0	
completely	0	0	0	0	0	0	1	0	0	0	
biological	0	0	0	1	0	0	0	0	0	0	
conflicts	0	0	1	0	0	0	4	0	0	0	
obligation	0	0	0	0	0	0	1	0	0	0	
monographs	0	0	2	0	0	0	0	0	0	0	
cornerstone	0	0	0	0	0	0	2	0	0	0	
advance	0	0	0	1	1	0	0	0	0	1	
language	0	0	0	1	0	1	0	0	0	0	
unsound	0	0	0	0	0	0	1	0	0	0	
detract	0	0	0	0	0	0	2	0	0	0	
substantiate	2	2	0	0	0	0	0	0	0	1	
transition	0	0	1	0	0	0	0	0	0	0	
americas	0	0	0	0	0	1	0	0	0	0	
conducted	0	0	0	0	0	1	0	0	0	0	
derivations	0	0	0	1	0	0	0	0	0	0	
handingpage	0	0	0	0	1	0	0	0	0	0	
appropriateness	1	1	1	0	0	1	2	0	0	0	
suffice	0	0	0	0	0	0	0	1	0	0	
crystallographic	0	0	0	1	0	0	0	0	0	0	
ability	0	0	0	0	0	0	2	0	0	0	
already	0	0	1	0	0	0	0	0	0	1	
manuscript	11	11	9	7	8	2	42	1	2	4	
conform	0	0	0	0	0	0	2	0	0	0	
omitted	0	0	0	0	0	1	0	0	0	0	
variables	0	0	0	0	0	0	1	0	0	0	
primary	0	0	0	0	0	0	2	0	0	0	
yourself	0	0	0	0	0	0	2	0	0	0	
featured	0	0	0	0	0	0	0	0	0	1	
improvements	2	2	0	0	0	1	0	0	0	0	
another	2	2	0	0	0	1	2	0	0	0	
exhaustively	0	0	0	0	0	0	1	0	0	0	
anonymity	0	0	2	0	0	0	0	0	0	0	
message	0	0	0	1	0	0	0	0	0	0	
clarity	2	2	1	1	0	0	7	0	0	0	
quality	3	3	2	0	1	0	23	0	0	1	
evaluations	0	0	0	1	0	0	1	0	0	0	
necessarily	0	0	0	1	0	0	1	0	0	0	
publication	8	8	2	2	1	2	5	0	0	2	
service	0	0	0	0	0	0	2	0	0	0	
similarly	0	0	0	1	0	0	0	0	0	0	
introduction	0	0	1	0	0	2	1	0	0	0	
meaningful	0	0	0	0	0	1	0	1	0	0	
1223326500	0	0	0	0	0	0	0	0	0	1	
ecospheres	0	0	1	0	0	0	0	0	0	0	
priority	0	0	0	0	0	0	0	1	0	0	
indicate	1	1	2	1	0	0	0	0	1	4	
finding	0	0	0	0	0	0	1	0	0	0	
observations	0	0	2	0	0	0	0	0	0	0	
statement	0	0	0	0	0	0	0	0	0	1	
rebuttal	0	0	0	1	0	0	0	0	0	0	
unpublished	0	0	0	0	0	1	0	0	0	0	
interests	3	3	0	0	0	0	1	0	0	0	
relationship	0	0	0	0	0	0	2	0	0	0	
impartiality	0	0	0	0	0	0	2	0	0	0	
exactly	0	0	0	0	0	0	2	0	0	0	
accurately	0	0	1	0	0	3	0	0	0	0	
rejected	1	1	3	0	0	0	0	0	0	0	
appreciation	0	0	1	0	0	0	0	0	0	0	
chemicals	0	0	0	0	0	0	2	0	0	0	
suitability	1	1	1	0	0	0	0	0	0	0	
manipulation	1	1	0	0	0	0	0	0	0	0	
pathogens	0	0	0	0	0	0	1	0	0	0	
natural	0	0	0	0	0	0	1	0	0	0	
institution	0	0	1	0	0	0	0	0	0	0	
specify	1	1	0	0	0	0	0	0	0	0	
observed	0	0	0	0	0	0	1	0	0	0	
determines	0	0	0	0	0	0	1	0	0	0	
professionalism	0	0	0	0	0	0	2	0	0	0	
database	0	0	0	0	0	0	0	0	0	1	
impersonal	0	0	0	0	0	0	1	0	0	0	
submitted	4	4	0	0	0	1	0	0	2	0	
project	0	0	0	0	0	0	1	0	0	0	
succinctly	0	0	0	0	0	0	1	0	0	0	
determined	0	0	0	0	0	1	0	0	0	0	
refrain	0	0	0	0	0	0	0	0	1	0	
reproduction	0	0	0	0	0	0	1	0	0	0	
enables	2	2	0	0	0	0	0	0	0	0	
treated	0	0	0	0	0	1	0	0	0	0	
declare	2	2	0	0	0	0	1	0	0	0	
httpsdlsciencesocietiesorgpublicationsstyle	0	0	0	0	0	0	2	0	0	0	
behavior	1	1	0	0	0	0	0	0	0	0	
rewrite	0	0	0	0	0	0	3	0	0	0	
strengthen	0	0	0	1	0	0	0	0	0	0	
beforehand	0	0	0	0	0	1	0	0	0	0	
argument	0	0	3	0	0	0	0	0	0	0	
paragraphs	0	0	0	0	0	0	1	0	0	0	
spelling	0	0	0	1	0	0	0	0	0	0	
randomly	0	0	0	0	0	0	1	0	0	0	
unavailability	0	0	0	0	2	0	0	0	0	0	
substantial	0	0	0	0	0	1	0	0	1	0	
vitally	0	0	0	0	0	0	1	0	0	0	
conclusiveness	0	0	0	1	0	0	0	0	0	0	
emphasizing	0	0	0	0	0	0	1	0	0	0	
sentences	0	0	0	0	0	0	2	0	0	0	
elsevier	0	0	0	0	0	2	0	0	0	0	
subjects	0	0	0	0	0	1	0	0	0	0	
obviously	0	0	0	0	1	0	0	0	0	0	
clearly	1	1	2	0	2	3	2	1	0	0	
contents	0	0	0	0	0	0	5	0	0	0	
elsewhere	0	0	0	0	0	0	0	0	1	1	
ratings	0	0	0	1	0	0	0	0	0	0	
documents	0	0	0	0	0	1	0	0	0	0	
genuine	1	1	0	0	0	0	0	0	0	0	
smallest	0	0	0	0	0	0	1	0	0	0	
presents	0	0	0	0	0	0	1	0	0	0	
efficient	1	1	0	0	0	0	0	0	0	0	
answering	0	0	0	0	1	1	0	0	0	0	
thorough	1	1	0	0	0	0	4	0	0	0	
equipment	0	0	0	0	0	1	0	0	0	0	
emphasis	0	0	0	0	0	0	1	0	0	0	
contact	1	1	1	0	3	3	2	0	2	0	
failure	0	0	0	0	0	0	5	0	1	0	
objective	0	0	2	0	0	0	4	0	0	0	
destroy	0	0	0	0	0	0	0	0	0	1	
strengths	1	1	1	0	0	0	0	0	0	0	
competence	0	0	0	0	0	0	1	0	0	0	
accuracy	0	0	0	0	0	0	1	0	1	0	
criteria	0	0	0	0	1	0	1	0	0	2	
highlights	0	0	0	0	0	2	0	0	0	0	
experienced	0	0	0	0	0	0	1	0	0	0	
multiple	0	0	0	0	0	0	1	0	0	0	
tabulated	0	0	0	0	0	0	2	0	0	0	
65532published	0	0	0	0	0	0	0	0	0	1	
printable	0	0	0	0	1	0	0	0	0	0	
techniques	1	1	0	0	0	0	1	0	0	0	
prohibitive	0	0	0	0	0	0	1	0	0	0	
cuttingedge	0	0	0	0	0	0	1	0	0	0	
printed	0	0	1	0	0	0	1	0	0	1	
significant	0	0	1	1	5	0	4	0	0	1	
quantitative	0	0	0	0	0	0	2	0	0	0	
remarks	0	0	2	0	0	0	0	0	1	0	
assessed	1	1	0	0	0	0	0	0	0	0	
nationality	0	0	0	0	0	0	2	0	0	0	
america	0	0	1	0	0	0	0	0	0	0	
extremely	0	0	0	0	0	0	3	0	0	0	
understands	0	0	0	0	0	0	1	0	0	0	
observation	0	0	0	0	0	0	3	0	0	0	
environmental	0	0	0	0	0	0	16	0	0	0	
considered	0	0	1	1	0	0	2	0	0	0	
helpdesk	0	0	0	0	0	1	0	0	0	0	
medical	0	0	0	0	0	1	0	0	0	0	
sometimes	0	0	0	0	0	0	1	0	0	0	
request	1	1	0	0	0	1	1	0	0	0	
stating	0	0	0	0	0	0	1	0	0	0	
proceedings	0	0	0	1	0	0	0	0	0	0	
principle	0	0	0	1	0	0	0	0	0	0	
combinations	0	0	0	0	0	0	1	0	0	0	
professional	0	0	0	0	0	0	11	0	0	1	
normally	0	0	0	0	0	1	0	0	0	0	
assistance	0	0	1	0	0	0	0	0	0	0	
findings	0	0	0	2	0	1	2	0	0	0	
precise	0	0	0	0	0	1	0	0	0	0	
aquatic	0	0	0	0	0	0	1	0	0	0	
phenomenon	0	0	0	0	0	0	1	0	0	0	
contacted	0	0	0	0	0	1	0	0	0	0	
obligations	0	0	1	0	0	0	0	0	0	0	
2024081256	0	0	0	0	0	0	0	0	0	2	
supported	2	2	2	0	1	1	1	0	1	0	
chapters	0	0	0	0	0	0	1	0	0	0	
discovered	0	0	0	0	0	1	0	0	0	0	
determine	0	0	0	0	0	1	1	0	1	0	
ecosphere	0	0	1	0	0	0	0	0	0	0	
participate	1	1	0	0	0	0	0	0	0	0	
threshold	1	1	0	0	0	0	0	0	0	0	
uniform	0	0	0	0	0	0	1	0	0	0	
availability	1	1	0	0	0	0	0	0	0	0	
accepting	0	0	0	0	0	0	0	0	0	1	
knowledge	0	0	0	0	0	2	5	0	0	0	
justice	0	0	0	1	0	0	0	0	0	0	
situations	0	0	0	0	0	0	1	0	0	0	
explain	0	0	0	2	0	4	0	0	0	0	
offensive	0	0	0	1	0	0	0	0	0	0	
specified	0	0	0	0	0	0	2	0	0	0	
outside	0	0	0	0	0	1	3	0	0	0	
controls	3	3	0	0	0	0	0	0	0	0	
discretionary	1	1	0	0	0	0	0	0	0	0	
cohesiveness	0	0	1	0	0	0	0	0	0	0	
explicitly	0	0	0	0	0	1	0	0	0	0	
enriched	0	0	0	0	0	0	0	0	0	1	
updating	0	0	0	0	1	0	0	0	0	0	
suspect	0	0	0	0	0	2	0	0	0	0	
adequate	0	0	0	0	2	0	0	2	0	0	
achieve	0	0	0	0	0	1	0	0	0	0	
overwritten	0	0	0	1	0	0	0	0	0	0	
2003110	0	0	0	0	0	0	0	1	0	0	
permission	0	0	1	0	0	1	0	0	1	1	
dependent	1	1	0	0	0	0	0	0	0	0	
sitespecific	0	0	0	0	0	0	1	0	0	0	
express	0	0	0	0	0	1	0	0	0	0	
overall	0	0	1	1	0	0	0	0	0	1	
integrity	0	0	0	0	0	0	2	0	1	1	
ophthalmology	0	0	0	0	0	0	0	1	0	0	
competing	3	3	0	0	0	0	0	0	0	0	
adhered	1	1	0	0	0	0	0	0	0	0	
rejection	0	0	0	1	0	0	0	0	1	0	
miniwebsites	1	1	0	0	0	0	0	0	0	0	
manuscripts	2	2	0	2	0	1	13	1	0	0	
neither	0	0	0	0	0	0	2	0	0	0	
secondary	0	0	0	0	0	0	1	0	0	0	
regarding	0	0	0	2	0	0	0	0	0	0	
addresses	0	0	0	0	1	0	0	0	0	0	
embedded	0	0	0	0	0	0	0	2	0	0	
settings	0	0	0	0	1	0	0	0	0	0	
conditions	0	0	0	0	0	0	0	0	0	1	
accordance	0	0	0	0	0	0	2	0	0	0	
alteration	0	0	0	0	0	0	1	0	0	0	
requesting	0	0	1	0	0	1	0	0	0	0	
pertinent	0	0	1	1	0	0	0	1	0	0	
scientist	0	0	1	0	0	0	0	1	0	0	
editorinchief	0	0	0	0	0	0	0	0	0	1	
queries	0	0	0	0	0	1	0	0	0	0	
release	0	0	0	0	0	0	3	0	0	1	
including	1	1	1	0	0	0	4	0	0	0	
conduct	0	0	0	0	0	0	4	0	0	0	
respond	0	0	0	0	0	0	1	0	0	0	
ethical	2	2	0	0	0	2	2	0	2	0	
requirement	0	0	0	0	0	0	1	0	0	0	
mandatory	0	0	0	0	0	0	1	0	0	0	
committee	1	1	0	0	0	0	0	0	0	0	
reference	1	1	0	0	0	1	2	0	0	0	
specialist	0	0	0	0	0	0	0	0	0	1	
selecting	0	0	0	0	1	0	0	0	0	0	
operates	1	1	0	0	0	0	0	0	0	0	
relative	0	0	1	0	0	0	0	0	0	1	
edition	0	0	1	0	0	0	0	0	0	0	
substantiating	0	0	0	0	0	0	2	0	0	0	
captions	0	0	0	0	1	0	1	0	0	0	
impressions	0	0	0	1	0	0	0	0	0	0	
untested	0	0	0	0	0	0	1	0	0	0	
sciencereviewsaaasorg	0	0	0	0	0	0	0	0	0	1	
encouraged	1	1	0	1	0	0	2	0	0	0	
instance	0	0	0	0	0	0	0	1	0	0	
exploited	0	0	0	0	0	0	0	0	0	1	
capacity	0	0	0	0	0	0	5	0	0	0	
inappropriate	1	1	0	0	0	0	0	0	0	0	
procedures	0	0	0	0	0	1	1	0	0	0	
targeted	0	0	1	0	0	0	0	0	0	0	
written	2	2	0	2	1	2	4	0	1	0	
difficulties	0	0	0	0	1	0	0	0	0	0	
cambridge	0	0	0	0	0	0	0	0	0	1	
correctly	0	0	1	0	0	0	0	0	0	0	
between	0	0	0	0	0	0	0	0	1	0	
reproducible	1	1	0	0	0	0	0	0	0	0	
progress	0	0	0	0	1	0	2	0	0	0	
justified	0	0	1	0	0	0	0	0	0	0	
reading	1	1	0	0	0	0	0	0	0	0	
approach	0	0	0	0	0	0	3	0	0	0	
privilege	0	0	0	0	0	0	2	0	0	0	
available	0	0	0	0	0	0	3	0	0	1	
discipline	0	0	0	0	1	1	0	0	0	0	
creating	0	0	1	0	0	0	0	0	0	0	
opening	0	0	0	0	1	0	0	0	0	0	
importance	2	2	0	0	0	0	1	0	0	0	
confusion	0	0	0	0	0	0	1	0	0	0	
attention	1	1	0	0	0	1	3	0	0	2	
subject	0	0	0	0	0	0	5	0	0	1	
however	0	0	0	0	0	0	1	0	0	0	
hypothesis	0	0	0	0	0	0	4	0	0	0	
correspondence	0	0	0	0	0	1	0	0	0	0	
article	2	2	1	0	1	12	2	0	0	0	
distribution	0	0	0	0	0	0	1	0	0	0	
improve	1	1	1	1	0	0	4	1	1	0	
suggested	0	0	0	0	0	0	1	0	0	0	
received	1	1	0	0	0	1	0	0	0	0	
interpretations	2	2	0	0	1	0	1	0	0	2	
outcome	0	0	0	0	0	0	1	0	0	0	
improved	2	2	0	1	0	0	1	0	0	0	
downloaded	0	0	1	0	0	0	0	0	0	0	
influential	0	0	0	0	0	0	0	0	0	1	
abstracts	0	0	0	0	0	2	2	0	0	0	
readers	0	0	1	0	0	1	1	3	4	0	
according	0	0	0	0	0	0	2	0	0	0	
mathematical	0	0	0	1	0	0	1	0	0	0	
sensitive	0	0	0	0	0	0	1	0	0	0	
connection	0	0	1	0	0	0	1	0	0	0	
figures	2	2	2	1	1	2	6	2	0	1	
planned	0	0	1	0	0	0	0	0	0	0	
context	1	1	0	1	1	1	3	0	0	0	
interesting	1	1	1	0	0	1	0	0	0	0	
resultsthis	0	0	0	0	0	1	0	0	0	0	
contribution	0	0	0	0	3	0	4	0	0	0	
adapted	0	0	0	0	0	0	1	0	1	0	
experimental	1	1	0	0	0	1	0	1	0	0	
otherwise	0	0	1	0	0	2	0	0	0	0	
comment	4	4	1	0	0	0	0	0	0	1	
relevant	2	2	0	0	0	1	0	0	2	0	
reasons	2	2	0	1	0	0	2	0	0	0	
community	0	0	0	0	0	0	3	0	0	1	
sampling	0	0	0	0	0	1	0	0	0	0	
analyzed	0	0	0	0	0	0	0	0	1	0	
maintained	0	0	0	0	0	1	0	0	0	0	
assertions	0	0	1	0	0	0	0	0	0	0	
applicability	0	0	0	0	0	0	2	0	0	0	
approval	1	1	0	0	0	0	0	0	0	0	
respect	0	0	1	0	0	0	2	0	0	0	
abstracting	0	0	0	0	0	0	1	0	0	0	
throughout	0	0	1	0	0	0	0	0	0	0	
custody	0	0	0	0	0	0	2	0	0	0	
conclusiondiscussion	0	0	0	0	0	1	0	0	0	0	
decline	0	0	0	0	0	0	1	0	1	0	
consuming	0	0	0	0	0	0	0	1	0	0	
described	2	2	1	0	0	2	0	0	0	0	
publishing	1	1	0	0	0	0	3	0	0	0	
differs	0	0	0	0	0	0	1	0	0	0	
capable	0	0	0	0	0	0	1	0	0	0	
addition	0	0	0	0	0	0	1	0	0	0	
equations	0	0	0	0	0	0	1	0	0	0	
acceptance	0	0	0	2	0	0	4	0	1	0	
creativity	0	0	0	0	0	0	2	0	0	0	
shortening	0	0	1	0	0	0	0	0	0	0	
underlying	0	0	0	0	0	0	1	0	0	0	
citations	0	0	1	0	0	0	0	0	0	0	
replicate	1	1	0	0	0	1	0	1	0	0	
combined	0	0	1	0	0	0	0	0	0	0	
interest	1	1	3	2	0	0	8	0	2	4	
expected	2	2	0	0	0	0	0	0	0	1	
extreme	0	0	0	0	0	1	0	0	0	0	
meeting	1	1	0	0	0	0	0	0	0	0	
systems	0	0	0	0	0	0	1	0	0	0	
website	0	0	1	0	0	1	0	0	0	0	
publishes	0	0	0	0	0	0	1	0	0	1	
hypothesises	0	0	0	0	0	1	0	0	0	0	
referee	0	0	0	2	0	0	0	0	0	0	
controlled	1	1	0	0	0	0	0	0	0	0	
subfigures	0	0	0	0	0	0	2	0	0	0	
pesticide	0	0	0	0	0	0	1	0	0	0	
sufficient	1	1	0	0	0	1	3	0	0	0	
coherence	2	2	0	0	0	0	0	0	0	0	
scientificmedical	1	1	0	0	0	0	0	0	0	0	
modelling	0	0	0	1	0	0	0	0	0	0	
locations	0	0	0	0	0	0	1	0	0	0	
relevance	1	1	0	0	0	0	0	0	0	0	
parentheses	0	0	0	0	0	0	1	0	0	0	
understand	0	0	0	1	0	1	5	1	0	1	
representative	0	0	0	0	0	0	2	0	0	0	
graphics	0	0	0	0	2	0	0	0	0	0	
receive	0	0	0	0	0	0	0	0	0	1	
general	1	1	3	1	1	1	8	0	0	1	
present	1	1	1	0	0	1	2	0	0	3	
volunteer	0	0	0	0	0	0	1	0	1	0	
applied	1	1	0	0	0	0	1	0	0	0	
specialised	0	0	0	1	0	0	0	0	0	0	
handling	1	1	0	0	0	0	0	0	0	0	
atmospheric	0	0	0	0	0	0	1	0	0	0	
submissions	0	0	0	0	0	0	1	0	0	0	
expanded	0	0	1	0	0	0	0	0	0	0	
appearance	0	0	0	0	0	0	3	0	0	0	
evaluated	0	0	0	0	0	0	1	0	0	0	
technical	0	0	1	0	0	2	3	0	0	1	
formatting	0	0	0	0	0	1	0	0	0	0	
novelty	0	0	0	0	0	0	2	0	0	1	
policies	1	1	0	0	0	0	0	0	0	0	
evaluates	0	0	0	0	0	0	2	0	0	0	
wellreasoned	0	0	1	0	0	0	0	0	0	0	
noncritical	0	0	0	0	0	0	1	0	0	0	
shortened	0	0	1	1	0	0	0	0	0	0	
concurrently	0	0	0	0	0	0	0	0	1	0	
sizeable	0	0	0	0	0	0	2	0	0	0	
telephone	0	0	0	0	0	0	0	0	0	2	
nomenclature	0	0	0	0	0	0	1	0	0	0	
experts	1	1	0	0	0	0	0	0	0	0	
experience	0	0	0	0	1	0	0	0	0	0	
measured	0	0	0	0	0	0	1	0	0	0	
chambers	0	0	0	0	0	0	0	1	0	0	
coreferees	0	0	0	1	0	0	0	0	0	0	
ethnicity	0	0	0	0	0	0	2	0	0	0	
participating	0	0	0	0	0	0	2	0	0	0	
containing	0	0	0	0	1	0	0	0	0	0	
broadly	0	0	0	0	0	0	0	0	0	1	
combination	0	0	0	0	0	0	1	0	0	0	
suggest	1	1	0	0	0	0	5	0	1	0	
granted	0	0	0	0	0	1	0	0	0	0	
scientifically	0	0	0	0	0	0	1	0	0	0	
reminded	1	1	0	0	0	0	0	0	0	0	
shorter	0	0	1	0	0	0	0	0	0	0	
microarray	0	0	0	1	0	0	0	0	0	0	
inquiry	0	0	0	0	0	0	1	0	0	0	
emphasize	0	0	1	0	0	0	0	0	0	0	
deletion	0	0	0	0	0	0	1	0	0	0	
contain	0	0	0	0	0	0	1	0	0	0	
soundness	0	0	1	0	0	0	0	0	0	0	
document	1	1	2	0	0	0	3	0	0	0	
privileged	0	0	1	0	0	1	0	0	0	0	
conflict	0	0	2	0	0	0	2	0	2	2	
difficult	0	0	0	0	1	2	2	0	0	0	
development	0	0	0	0	0	0	4	0	0	0	
independent	0	0	1	0	0	0	0	0	0	0	
responses	0	0	0	0	0	0	1	0	0	0	
practice	0	0	1	0	0	0	0	0	0	0	
receives	0	0	0	0	0	0	2	0	0	0	
overselling	0	0	0	1	0	0	0	0	0	0	
reporting	3	3	0	0	0	0	2	0	0	0	
persons	0	0	0	0	0	0	1	0	0	0	
authors	9	9	7	3	0	6	27	5	3	1	
purpose	0	0	0	0	0	0	1	0	0	0	
student	0	0	0	0	0	1	0	0	0	0	
appreciated	0	0	0	0	0	0	5	0	0	0	
judgment	0	0	1	0	0	0	0	0	0	1	
requests	0	0	0	0	0	0	1	0	0	0	
tighter	0	0	1	0	0	0	0	0	0	0	
numbered	0	0	0	1	0	0	0	0	0	0	
schachat	0	0	0	0	0	0	0	1	0	0	
overstated	0	0	0	0	0	0	0	1	0	0	
studies	0	0	0	1	0	0	1	1	1	0	
disseminated	0	0	0	0	0	0	0	0	0	1	
analysis	1	1	1	0	1	1	2	0	0	0	
without	1	1	2	2	0	1	3	1	1	0	
thought	0	0	0	0	0	0	1	0	0	0	
directly	1	1	2	1	0	1	1	0	0	1	
materials	1	1	0	0	0	2	2	0	0	3	
services	0	0	0	0	0	0	1	0	0	0	
english	2	2	0	0	0	1	3	0	0	0	
organization	1	1	1	0	2	0	1	0	0	0	
scientists	0	0	0	0	0	0	6	0	1	0	
researchers	0	0	0	0	0	0	2	0	0	0	
effects	0	0	0	0	0	0	1	0	0	0	
restore	0	0	1	0	0	0	0	0	0	0	
restructure	0	0	0	0	0	1	0	0	0	0	
appropriately	0	0	0	1	0	1	1	0	0	0	
cohesive	0	0	1	0	0	0	0	0	0	0	
accurate	0	0	0	0	0	1	1	0	0	0	
numbering	0	0	0	1	0	0	0	0	0	0	
valuable	0	0	0	0	0	1	0	0	0	0	
reviewed	2	2	0	0	0	0	2	0	1	0	
assigned	0	0	0	0	0	0	2	0	0	0	
sources	0	0	0	0	0	0	2	0	0	0	
unclear	0	0	0	0	1	0	0	0	0	0	
identify	0	0	1	0	0	1	1	0	0	0	
shocked	0	0	0	0	0	0	1	0	0	0	
questions	0	0	1	1	2	0	2	0	0	0	
ecosystems	0	0	0	0	0	0	1	0	0	0	
commonly	0	0	0	0	0	0	1	0	0	0	
reviewer	2	2	0	0	3	3	12	0	3	0	
alternative	1	1	0	0	0	0	0	0	0	0	
previous	0	0	1	0	0	5	1	0	0	0	
editorialbiomedcentralcom	1	1	0	0	0	0	0	0	0	0	
password	0	0	0	0	0	0	0	0	0	1	
conclusions	4	4	3	2	4	0	3	1	1	5	
duplicated	0	0	0	0	0	0	0	1	0	0	
advancement	0	0	0	0	0	0	3	0	0	1	
desktop	0	0	0	0	1	0	0	0	0	0	
uncertainty	0	0	0	0	0	0	2	0	0	0	
concerns	1	1	0	0	0	1	2	0	1	2	
treatment	0	0	0	0	0	1	4	1	0	0	
comprehensible	1	1	0	0	0	0	0	0	0	0	
httpmccsubmit2scienceorg	0	0	0	0	0	0	0	0	0	1	
warrant	0	0	0	1	0	1	1	0	0	1	
experimentalclinical	1	1	0	0	0	0	0	0	0	0	
customers	0	0	0	0	0	1	0	0	0	0	
aspects	1	1	0	0	0	0	1	0	0	0	
increased	1	1	0	0	0	0	0	0	0	0	
lacking	0	0	1	0	0	0	0	0	0	0	
evaluate	1	1	1	0	0	0	5	0	0	1	
possible	1	1	0	1	0	2	2	0	1	0	
2023342679	0	0	0	0	0	0	0	0	1	0	
matters	0	0	1	0	0	0	0	0	0	0	
stemming	0	0	0	0	0	0	2	0	0	0	
appendices	0	0	1	0	0	0	0	0	0	0	
ultimately	0	0	0	0	0	0	0	1	0	0	
immediately	0	0	1	0	1	0	0	0	1	1	
accepted	2	2	0	0	0	1	1	0	0	0	
counterintuitive	0	0	1	0	0	0	0	0	0	0	
necessary	2	2	2	1	2	0	1	0	0	2	
helpful	0	0	0	1	0	1	3	0	0	0	
submission	0	0	0	2	0	0	1	0	0	0	
contradict	0	0	0	0	0	1	0	0	0	0	
flexibility	0	0	0	0	0	0	1	0	0	0	
conducts	0	0	0	0	0	0	1	0	0	0	
unnecessary	0	0	0	0	0	0	1	0	0	0	
specific	0	0	5	2	1	0	1	0	0	0	
informative	0	0	0	0	0	0	1	0	0	0	
audience	0	0	0	1	0	0	0	0	0	1	
invaluable	0	0	0	0	0	0	1	0	0	0	
security	0	0	0	0	0	0	0	0	0	2	
revision	0	0	0	2	1	0	3	0	0	0	
6553265532	0	0	0	0	0	0	1	0	0	1	
essential	1	1	1	0	0	0	0	0	0	0	
stylistically	0	0	0	0	0	0	1	0	0	0	
accessible	1	1	0	0	1	0	0	0	0	0	
pertaining	1	1	0	0	0	0	0	0	0	0	
singleblind	0	0	0	0	0	0	1	0	0	0	
because	1	1	2	0	0	0	1	0	0	0	
methods	4	4	1	2	1	1	5	2	1	3	
sequence	0	0	0	0	0	1	0	0	0	0	
absolutely	0	0	1	0	0	0	0	0	0	0	
refinement	0	0	0	0	0	0	1	0	0	0	
pacific	0	0	0	0	0	1	0	0	0	0	
rereview	0	0	0	0	0	0	1	0	0	0	
supplementary	1	1	0	2	0	0	0	0	0	3	
understood	1	1	0	0	1	0	0	0	0	0	
httpsmcmanuscriptcentralcomjeq	0	0	0	0	0	0	1	0	0	0	
recommendation	0	0	1	1	0	0	2	0	0	1	
critique	0	0	0	0	0	0	0	0	0	1	
recognition	0	0	0	0	0	0	0	0	0	1	
provided	2	2	1	0	0	0	1	0	0	3	
breadth	0	0	0	0	0	0	0	1	0	0	
highlighting	0	0	0	2	0	0	0	0	0	0	
confirm	0	0	0	0	1	0	0	0	0	0	
decision	1	1	1	2	0	0	1	0	0	0	
measurements	0	0	2	0	0	1	1	0	0	0	
recorded	0	0	0	0	0	1	0	0	0	0	
benefit	0	0	0	0	0	0	2	0	0	0	
comments	2	2	15	2	0	1	11	1	3	0	
everything	0	0	1	0	0	0	0	0	0	0	
critical	0	0	0	2	0	0	0	0	0	0	
provides	0	0	0	0	0	0	1	0	0	0	
experimentation	0	0	0	0	0	0	1	0	0	0	
welcome	0	0	0	0	0	1	0	0	0	0	
patient	1	1	0	0	0	0	0	1	0	0	
scientific	1	1	1	0	0	1	14	0	5	2	
schedule	0	0	0	0	0	0	2	0	0	0	
deleted	0	0	1	0	0	0	0	0	0	0	
convincing	0	0	0	1	1	0	0	0	0	0	
journal	4	4	3	1	5	4	20	0	1	0	
communicate	0	0	0	0	0	1	3	0	0	0	
unusual	0	0	0	0	0	0	0	0	0	1	
illustration	0	0	0	0	1	0	0	0	0	0	
constructive	1	1	0	0	0	0	0	0	0	0	
percentile	0	0	0	0	0	1	0	0	0	0	
departures	0	0	0	0	0	0	1	0	0	0	
although	1	1	0	0	0	1	0	0	0	0	
similarity	0	0	0	0	0	0	0	0	1	0	
relating	1	1	0	0	0	2	1	0	0	0	
properties	0	0	1	0	0	0	0	0	0	0	
released	0	0	0	0	0	0	6	0	0	0	
perspectives	0	0	0	0	0	0	0	0	0	1	
conducting	0	0	0	0	0	1	1	0	0	0	
central	2	2	0	0	0	0	1	0	0	0	
carried	1	1	0	0	0	0	0	0	0	0	
extension	0	0	0	0	0	0	1	0	0	0	
getting	0	0	0	0	1	0	0	0	0	0	
discussed	0	0	0	1	0	1	1	0	0	0	
location	0	0	0	0	0	0	1	0	0	0	
reduced	0	0	0	0	0	0	2	0	0	0	
deserves	0	0	0	0	0	0	0	0	0	1	
improvement	0	0	0	0	1	0	1	0	0	0	
efforts	0	0	0	0	0	0	0	1	0	0	
abbreviations	0	0	0	0	0	0	3	0	0	0	
considerations	1	1	0	0	0	0	0	0	0	0	
phrases	0	0	0	0	0	0	1	0	0	0	
referenced	0	0	0	1	0	0	0	0	0	0	
statements	0	0	1	0	0	0	0	0	0	0	
rationale	0	0	0	0	0	0	2	0	1	0	
followed	0	0	0	0	0	1	0	0	0	0	
inclusion	1	1	0	0	0	0	0	0	0	0	
previously	1	1	1	0	0	1	0	0	0	0	
communication	0	0	1	0	0	0	1	0	0	0	
skilled	0	0	0	0	0	0	0	1	0	0	
profession	0	0	0	0	0	0	1	0	0	0	
commitment	0	0	0	0	0	0	0	0	0	1	
heshethey	0	0	0	0	0	1	0	0	0	0	
nothing	0	0	0	0	0	0	1	0	0	0	
appropriate	5	5	2	2	5	3	2	2	0	2	
ecology	0	0	3	0	0	0	0	0	0	0	
references	3	3	1	1	1	2	4	2	0	0	
primarily	1	1	0	0	0	0	0	0	0	0	
parties	0	0	0	0	0	1	0	0	0	0	
balanced	1	1	0	0	0	0	0	0	0	0	
actually	0	0	0	1	0	0	0	0	0	0	
additions	0	0	0	0	1	0	0	0	0	0	
reducing	1	1	0	0	0	0	0	0	0	0	
prompted	0	0	0	1	0	0	0	0	0	0	
unambiguous	0	0	0	0	0	0	0	0	1	0	
criticisms	0	0	2	2	0	0	0	0	0	0	
statistics	0	0	0	0	0	2	0	0	0	0	
additional	9	9	0	0	1	1	2	0	0	3	
segment	0	0	0	0	0	0	1	0	0	0	
support	5	5	1	1	1	1	0	0	0	1	
initial	0	0	0	2	0	0	0	0	0	0	
question	3	3	0	0	0	2	0	0	0	0	
specifically	1	1	0	0	0	0	0	0	0	0	
handbook	0	0	0	0	0	0	2	0	0	0	
authorized	0	0	0	0	0	1	0	0	0	0	
forward	0	0	0	0	0	1	0	0	0	0	
deposited	0	0	0	0	0	0	0	0	0	1	
sections	0	0	0	0	0	0	0	1	0	0	
coinvestigators	0	0	0	0	0	0	1	0	0	0	
archives	0	0	1	0	0	0	0	0	0	0	
function	0	0	0	0	0	0	1	0	0	0	
conciseness	0	0	1	0	0	0	0	0	0	0	
religion	0	0	0	0	0	0	2	0	0	0	
justifiably	0	0	0	0	0	0	0	1	0	0	
hazardous	0	0	0	0	0	0	1	0	0	0	
differences	0	0	1	0	0	0	2	0	0	0	
interdisciplinary	0	0	0	0	0	0	0	0	0	1	
specialty	0	0	0	0	0	0	1	0	0	1	
extended	0	0	0	0	1	1	0	0	0	0	
reiterated	0	0	0	0	0	0	0	1	0	0	
collected	0	0	0	0	0	1	0	0	0	0	
repeated	0	0	1	0	0	0	2	0	0	0	
properly	0	0	0	0	0	0	0	0	1	0	
understandable	0	0	0	0	0	0	2	0	0	0	
casebycase	0	0	0	0	0	0	1	0	0	0	
clarify	0	0	0	0	0	0	1	0	0	0	
resubmit	0	0	0	0	0	0	1	0	0	0	
especially	0	0	0	0	0	0	1	0	0	0	
directed	0	0	1	0	0	0	0	0	0	0	
october	0	0	0	0	0	0	1	0	0	0	
portions	0	0	1	0	0	0	0	0	0	0	
evident	0	0	1	0	0	0	0	0	0	0	
whether	7	7	2	4	0	0	3	0	1	3	
prevents	0	0	0	0	0	0	2	0	0	0	
constrained	0	0	0	0	0	0	0	0	0	1	
maximum	0	0	0	0	0	0	1	0	0	0	
convince	0	0	1	0	0	0	0	0	0	0	
reanalyze	1	1	0	0	0	0	0	0	0	0	
verification	0	0	0	0	0	0	1	0	0	0	
problem	0	0	0	0	0	1	0	0	0	0	
similar	0	0	0	0	0	0	2	0	0	1	
plutonium	0	0	0	0	0	0	1	0	0	0	
examples	0	0	0	0	0	0	3	0	0	0	
detailed	2	2	0	1	0	0	2	0	0	1	
bearing	0	0	1	0	0	0	1	0	0	0	
httpsdlsciencesocietiesorgpublicationsjeqauthorinstructions	0	0	0	0	0	0	1	0	0	0	
ordered	0	0	0	0	0	1	0	0	0	0	
significance	0	0	1	2	0	0	2	0	0	0	
spelled	0	0	0	0	0	0	0	1	0	0	
defined	1	1	0	0	0	0	2	0	0	0	
inadequate	1	1	0	0	0	0	0	0	0	0	
abstract	0	0	1	0	2	1	5	0	0	0	
describe	0	0	0	0	0	4	0	0	0	1	
condition	0	0	0	0	0	0	1	0	0	0	
graphical	0	0	0	0	0	2	0	0	0	0	
evidence	2	2	1	0	2	0	0	0	0	0	
reliability	1	1	0	0	0	0	0	0	0	0	
expertise	1	1	0	0	1	0	4	0	1	0	
together	0	0	0	0	0	0	0	0	1	0	
simulations	0	0	0	0	0	0	1	0	0	0	
corresponding	0	0	0	0	0	0	1	0	0	0	
modeling	0	0	0	0	0	0	3	0	0	0	
incorrect	0	0	0	0	0	0	0	0	1	0	
eventual	0	0	0	1	0	0	0	0	0	0	
agreeing	0	0	0	0	0	0	3	0	0	0	
underestimate	0	0	0	0	0	0	1	0	0	0	
generally	0	0	1	0	0	1	1	0	0	0	
scholarly	0	0	1	0	0	0	1	0	1	0	
ecotrack	0	0	2	0	0	0	0	0	0	0	
grammatical	0	0	0	0	0	1	0	0	0	0	
details	4	4	1	1	1	0	0	1	0	0	
digital	0	0	3	0	0	0	0	0	0	0	
benefited	0	0	0	0	0	0	1	0	0	0	
pesticides	0	0	0	0	0	0	1	0	0	0	
interpretable	0	0	1	0	0	0	0	0	0	0	
conclusion	2	2	0	0	0	1	1	0	0	0	
requested	1	1	1	0	0	0	0	0	0	0	
briefly	0	0	0	0	0	0	1	0	0	0	
institutional	0	0	0	0	0	0	2	0	0	0	
separate	0	0	0	0	0	0	1	0	0	0	
printing	0	0	0	0	3	0	0	0	0	0	
problems	1	1	0	0	0	0	2	0	0	0	
initiatives	1	1	0	0	0	0	0	0	0	0	
includes	0	0	0	0	0	1	1	0	0	0	
ecological	0	0	6	0	0	0	0	0	0	0	
important	1	1	0	2	0	3	3	0	1	1	
validity	2	2	0	0	0	0	1	0	0	0	
included	3	3	0	1	0	2	0	0	0	1	
describing	0	0	0	0	0	1	0	0	0	0	
scrutiny	0	0	0	0	0	0	1	0	0	0	
friends	0	0	0	0	0	0	1	0	0	0	
structure	0	0	0	1	0	2	1	0	0	0	
searcher	0	0	0	0	0	0	1	0	0	0	
implies	0	0	0	0	0	1	0	0	0	0	
reasoned	0	0	1	0	0	0	0	0	0	0	
readership	0	0	1	0	0	0	1	0	0	0	
american	0	0	0	0	0	0	0	0	0	1	
required	6	6	0	0	1	1	2	0	0	0	
websites	0	0	0	0	0	0	1	0	0	0	
bateman	0	0	0	0	0	0	0	0	0	1	
dispassionate	0	0	0	1	0	0	0	0	0	0	
incomplete	0	0	0	0	1	0	0	0	0	0	
serious	1	1	0	0	0	0	0	1	0	0	
validation	0	0	0	0	0	0	1	0	0	0	
original	1	1	0	1	0	0	2	0	0	0	
